model,subset,model_group,role,matrix,mean_row_norm,mean_vec_norm,mu_over_row_norm,tied,vocab_size,hidden_dim
DeepSeek-R1,other_models,deepseek_r1,,E,3.157230854034424,0.24874897301197052,0.07878707149149708,False,129280,7168
DeepSeek-R1,other_models,deepseek_r1,,U,6.671839714050293,0.532281219959259,0.0797802769209702,False,129280,7168
DeepSeek-R1-0528,other_models,deepseek_r1,,E,3.157231330871582,0.24874794483184814,0.07878673393348692,False,129280,7168
DeepSeek-R1-0528,other_models,deepseek_r1,,U,6.672057628631592,0.5328845381736755,0.0798680958460138,False,129280,7168
DeepSeek-R1-Distill-Llama-70B,other_models,deepseek_r1_distill_llama,,E,0.8151389956474304,0.07679088413715363,0.09420587721504095,False,128256,8192
DeepSeek-R1-Distill-Llama-70B,other_models,deepseek_r1_distill_llama,,U,0.9398331046104431,0.12526005506515503,0.13327904119431375,False,128256,8192
DeepSeek-R1-Distill-Llama-8B,other_models,deepseek_r1_distill_llama,,E,0.6813199520111084,0.08688032627105713,0.12751766040992238,False,128256,4096
DeepSeek-R1-Distill-Llama-8B,other_models,deepseek_r1_distill_llama,,U,0.9040384888648987,0.23979009687900543,0.26524323890245355,False,128256,4096
DeepSeek-R1-Distill-Qwen-1.5B,other_models,deepseek_r1_distill_qwen,,E,1.1660844087600708,0.5936555862426758,0.509101726927235,False,151936,1536
DeepSeek-R1-Distill-Qwen-1.5B,other_models,deepseek_r1_distill_qwen,,U,1.1393234729766846,0.6330559849739075,0.5556420103589514,False,151936,1536
DeepSeek-R1-Distill-Qwen-14B,other_models,deepseek_r1_distill_qwen,,E,1.1442793607711792,0.07765589654445648,0.06786445618674869,False,152064,5120
DeepSeek-R1-Distill-Qwen-14B,other_models,deepseek_r1_distill_qwen,,U,1.1853991746902466,0.18374168872833252,0.15500406331592526,False,152064,5120
DeepSeek-R1-Distill-Qwen-32B,other_models,deepseek_r1_distill_qwen,,E,1.208452820777893,0.06891073286533356,0.0570239331486479,False,152064,5120
DeepSeek-R1-Distill-Qwen-32B,other_models,deepseek_r1_distill_qwen,,U,1.2312781810760498,0.20179878175258636,0.16389373648790603,False,152064,5120
DeepSeek-R1-Distill-Qwen-7B,other_models,deepseek_r1_distill_qwen,,E,1.0362467765808105,0.08136724680662155,0.07852110968692236,False,152064,3584
DeepSeek-R1-Distill-Qwen-7B,other_models,deepseek_r1_distill_qwen,,U,1.0287799835205078,0.43357691168785095,0.4214476551187759,False,152064,3584
DeepSeek-V2-Lite,other_models,deepseek_v2_moe,,E,5.785749435424805,0.8541663885116577,0.14763279987235442,False,102400,2048
DeepSeek-V2-Lite,other_models,deepseek_v2_moe,,U,6.739805698394775,1.5701022148132324,0.2329595666514815,False,102400,2048
DeepSeek-V2-Lite-Chat,other_models,deepseek_v2_moe,,E,5.785707950592041,0.8541279435157776,0.14762721361149525,False,102400,2048
DeepSeek-V2-Lite-Chat,other_models,deepseek_v2_moe,,U,6.738328456878662,1.570107102394104,0.23301136364038436,False,102400,2048
DeepSeek-V3,base_instruct,deepseek_v3_moe,base,E,3.157227039337158,0.24874721467494965,0.07878660976094158,False,129280,7168
DeepSeek-V3,base_instruct,deepseek_v3_moe,base,U,6.672220230102539,0.5329777598381042,0.07988012107776506,False,129280,7168
DeepSeek-V3-Base,base_instruct,deepseek_v3_moe,base,E,3.157236337661743,0.24874533712863922,0.07878578304748025,False,129280,7168
DeepSeek-V3-Base,base_instruct,deepseek_v3_moe,base,U,6.672492980957031,0.5337429642677307,0.07999153626553179,False,129280,7168
DeepSeek-V3.1,base_instruct,deepseek_v3_moe,base,E,3.155203104019165,0.24884194135665894,0.07886717056017052,False,129280,7168
DeepSeek-V3.1,base_instruct,deepseek_v3_moe,base,U,6.668074131011963,0.527778148651123,0.07915001217465861,False,129280,7168
DeepSeek-V3.1-Base,base_instruct,deepseek_v3_moe,base,E,3.1552066802978516,0.24883738160133362,0.07886563601527471,False,129280,7168
DeepSeek-V3.1-Base,base_instruct,deepseek_v3_moe,base,U,6.669332981109619,0.529694139957428,0.07942235624728088,False,129280,7168
DeepSeek-V3.2,other_models,deepseek_v3_moe,,E,3.152761220932007,0.2489100843667984,0.07894986867835699,False,129280,7168
DeepSeek-V3.2,other_models,deepseek_v3_moe,,U,6.669526100158691,0.5255537629127502,0.07879926624775417,False,129280,7168
DeepSeek-V3.2-Speciale,other_models,deepseek_v3_moe,,E,3.1527652740478516,0.24890701472759247,0.07894879354847101,False,129280,7168
DeepSeek-V3.2-Speciale,other_models,deepseek_v3_moe,,U,6.669405937194824,0.5250523090362549,0.07872549878964089,False,129280,7168
DeepSeek-V4-Flash,other_models,deepseek_v4_moe,,E,7.287116527557373,1.7236813306808472,0.2365381868345972,False,129280,4096
DeepSeek-V4-Flash,other_models,deepseek_v4_moe,,U,11.286921501159668,1.2406079769134521,0.10991553159876115,False,129280,4096
DeepSeek-V4-Pro,other_models,deepseek_v4_moe,,E,7.427170276641846,1.334135890007019,0.17962909699308002,False,129280,7168
DeepSeek-V4-Pro,other_models,deepseek_v4_moe,,U,9.535568237304688,1.033410668373108,0.10837431421551134,False,129280,7168
GLM-5-744B,other_models,glm5,,E,0.7069623470306396,0.03903049975633621,0.05520873907962829,False,154880,6144
GLM-5-744B,other_models,glm5,,U,1.5126714706420898,0.3121204376220703,0.2063372276662184,False,154880,6144
GLM-5.1,other_models,glm5.1,,E,0.7053305506706238,0.038924891501665115,0.05518673686352531,False,154880,6144
GLM-5.1,other_models,glm5.1,,U,1.5053001642227173,0.31098395586013794,0.20659265391146678,False,154880,6144
Gemma-2-27B,base_instruct,gemma2,base,E,0.9992180466651917,0.14210942387580872,0.14222063377466737,True,256000,4608
Gemma-2-27B-Instruct,base_instruct,gemma2,instruct,E,0.9936171770095825,0.1479528695344925,0.14890329289573626,True,256000,4608
Gemma-2-2B,base_instruct,gemma2,base,E,1.7797690629959106,0.734873354434967,0.4129037692103403,True,256000,2304
Gemma-2-2B-Instruct,base_instruct,gemma2,instruct,E,1.7720335721969604,0.7366850972175598,0.41572863447740466,True,256000,2304
Gemma-2-9B,base_instruct,gemma2,base,E,1.722504734992981,0.8435708284378052,0.4897349837713176,True,256000,3584
Gemma-2-9B-Instruct,base_instruct,gemma2,instruct,E,1.7215255498886108,0.8277393579483032,0.48081735295875283,True,256000,3584
Gemma-3-12B,base_instruct,gemma3,base,E,0.9645566940307617,0.12159886211156845,0.1260670967959613,True,262208,3840
Gemma-3-12B-Instruct,base_instruct,gemma3,instruct,E,0.9502406120300293,0.12568964064121246,0.13227138374216366,True,262208,3840
Gemma-3-1B,base_instruct,gemma3,base,E,1.046724796295166,0.25679904222488403,0.24533577797508224,True,262144,1152
Gemma-3-1B-Instruct,base_instruct,gemma3,instruct,E,0.947531521320343,0.2861494719982147,0.30199467306320127,True,262144,1152
Gemma-3-27B,base_instruct,gemma3,base,E,1.0307968854904175,0.10149392485618591,0.09846161381046337,True,262208,5376
Gemma-3-27B-Instruct,base_instruct,gemma3,instruct,E,1.0202463865280151,0.10337291657924652,0.10132152188358472,True,262208,5376
Gemma-3-4B,base_instruct,gemma3,base,E,0.9722772836685181,0.16187240183353424,0.16648789861958965,True,262208,2560
Gemma-3-4B-Instruct,base_instruct,gemma3,instruct,E,0.9982269406318665,0.1843581199645996,0.18468557845964664,True,262208,2560
Gemma-4-26B-A4B,base_instruct,gemma4,base,E,0.9999024271965027,0.2477291077375412,0.24775328171981426,True,262144,2816
Gemma-4-26B-A4B-Instruct,base_instruct,gemma4,instruct,E,1.5153628587722778,0.4525119662284851,0.2986162446894752,True,262144,2816
Gemma-4-31B,base_instruct,gemma4,base,E,0.9997997879981995,0.17352363467216492,0.17355838314348335,True,262144,5376
Gemma-4-31B-Instruct,base_instruct,gemma4,instruct,E,1.1182231903076172,0.22082537412643433,0.19747880033295181,True,262144,5376
Gemma-4-E2B,base_instruct,gemma4,base,E,0.9999984502792358,0.25048360228538513,0.25048399046562625,True,262144,1536
Gemma-4-E2B-Instruct,base_instruct,gemma4,instruct,E,1.193636178970337,0.46475455164909363,0.38936030914378245,True,262144,1536
Gemma-4-E4B,base_instruct,gemma4,base,E,0.9999985694885254,0.26543983817100525,0.26544021788628275,True,262144,2560
Gemma-4-E4B-Instruct,base_instruct,gemma4,instruct,E,1.2063524723052979,0.41841864585876465,0.34684609636450703,True,262144,2560
Llama-3.1-70B-Base,base_instruct,llama,base,E,0.8177502751350403,0.07707834243774414,0.0942565778104027,False,128256,8192
Llama-3.1-70B-Base,base_instruct,llama,base,U,0.9571791291236877,0.1209813728928566,0.12639365946436473,False,128256,8192
Llama-3.1-70B-Instruct,base_instruct,llama,instruct,E,0.8143834471702576,0.07675013691186905,0.09424324276058552,False,128256,8192
Llama-3.1-70B-Instruct,base_instruct,llama,instruct,U,0.9435045123100281,0.11987539380788803,0.12705333386736145,False,128256,8192
Llama-3.1-8B,base_instruct,llama,base,E,0.6741189956665039,0.08579066395759583,0.12726338303636478,False,128256,4096
Llama-3.1-8B,base_instruct,llama,base,U,0.916771411895752,0.22394604980945587,0.24427686869769152,False,128256,4096
Llama-3.1-8B-Instruct,base_instruct,llama,instruct,E,0.671326756477356,0.0854780450463295,0.12732703444572555,False,128256,4096
Llama-3.1-8B-Instruct,base_instruct,llama,instruct,U,0.9043439030647278,0.22527529299259186,0.2491035680443659,False,128256,4096
Llama-3.2-1B,base_instruct,llama,base,E,0.9870073199272156,0.35256633162498474,0.3572074132651659,True,128256,2048
Llama-3.2-1B-Instruct,base_instruct,llama,instruct,E,0.9297938346862793,0.3435479700565338,0.36948832874596327,True,128256,2048
Llama-3.2-3B,base_instruct,llama,base,E,1.1474523544311523,0.42601802945137024,0.37127295770164503,True,128256,3072
Llama-3.2-3B-Instruct,base_instruct,llama,instruct,E,1.0861297845840454,0.4162074327468872,0.3832023011009517,True,128256,3072
MiniMax-M2.5-Chat,other_models,minimax_m2.5,,E,1.3246935606002808,0.12278398126363754,0.09268859222656624,False,200064,3072
MiniMax-M2.5-Chat,other_models,minimax_m2.5,,U,0.936824381351471,0.21450862288475037,0.22897421027332612,False,200064,3072
MiniMax-M2.7,other_models,minimax_m2.7,,E,1.3239061832427979,0.1209997683763504,0.09139602934701276,False,200064,3072
MiniMax-M2.7,other_models,minimax_m2.7,,U,0.9450650215148926,0.20670442283153534,0.2187197897772138,False,200064,3072
Qwen2.5-0.5B,base_instruct,qwen2.5,base,E,0.4632810652256012,0.1806236058473587,0.3898791023531288,True,151936,896
Qwen2.5-0.5B-Instruct,base_instruct,qwen2.5,instruct,E,0.45263388752937317,0.1792561262845993,0.39602895678677325,True,151936,896
Qwen2.5-1.5B,base_instruct,qwen2.5,base,E,1.0157537460327148,0.3249307870864868,0.3198913007759871,True,151936,1536
Qwen2.5-1.5B-Instruct,base_instruct,qwen2.5,instruct,E,1.0125606060028076,0.3269540071487427,0.3228982099544924,True,151936,1536
Qwen2.5-14B,base_instruct,qwen2.5,base,E,1.1415189504623413,0.07639111578464508,0.06692058485205606,False,152064,5120
Qwen2.5-14B,base_instruct,qwen2.5,base,U,1.1992135047912598,0.14635959267616272,0.12204631793371831,False,152064,5120
Qwen2.5-14B-Instruct,base_instruct,qwen2.5,instruct,E,1.1402835845947266,0.07637439668178558,0.06697842336205354,False,152064,5120
Qwen2.5-14B-Instruct,base_instruct,qwen2.5,instruct,U,1.195603609085083,0.15003038942813873,0.12548505900124135,False,152064,5120
Qwen2.5-32B,base_instruct,qwen2.5,base,E,1.2073744535446167,0.06851711869239807,0.05674885574334054,False,152064,5120
Qwen2.5-32B,base_instruct,qwen2.5,base,U,1.2422949075698853,0.18953971564769745,0.15257223908167306,False,152064,5120
Qwen2.5-32B-Instruct,base_instruct,qwen2.5,instruct,E,1.2060602903366089,0.06847798079252243,0.05677824014370821,False,152064,5120
Qwen2.5-32B-Instruct,base_instruct,qwen2.5,instruct,U,1.237965703010559,0.1908802092075348,0.15418860857238684,False,152064,5120
Qwen2.5-3B,base_instruct,qwen2.5,base,E,1.0920155048370361,0.2963405251502991,0.2713702542112922,True,151936,2048
Qwen2.5-3B-Instruct,base_instruct,qwen2.5,instruct,E,1.0889760255813599,0.2987200617790222,0.27431279914500206,True,151936,2048
Qwen2.5-72B-Base,base_instruct,qwen2.5,base,E,0.8054924607276917,0.05436354875564575,0.06749107087424885,False,152064,8192
Qwen2.5-72B-Base,base_instruct,qwen2.5,base,U,0.8684902787208557,0.19795727729797363,0.22793263453625798,False,152064,8192
Qwen2.5-72B-Instruct,base_instruct,qwen2.5,instruct,E,0.8046845197677612,0.054312825202941895,0.06749579974350325,False,152064,8192
Qwen2.5-72B-Instruct,base_instruct,qwen2.5,instruct,U,0.8641824126243591,0.19654597342014313,0.22743574799592373,False,152064,8192
Qwen2.5-7B,base_instruct,qwen2.5,base,E,0.7914945483207703,0.08192215114831924,0.10350311486304581,False,152064,3584
Qwen2.5-7B,base_instruct,qwen2.5,base,U,0.7025941610336304,0.1915060430765152,0.27256993254082645,False,152064,3584
Qwen2.5-7B-Instruct,base_instruct,qwen2.5,instruct,E,0.7906553149223328,0.08188232779502869,0.10356260971074621,False,152064,3584
Qwen2.5-7B-Instruct,base_instruct,qwen2.5,instruct,U,0.6989327669143677,0.19226382672786713,0.27508200477804046,False,152064,3584
Qwen3-0.6B,base_instruct,qwen3,base,E,0.9250698089599609,0.3015705645084381,0.3259976291383765,True,151936,1024
Qwen3-0.6B-Base,base_instruct,qwen3,base,E,0.955460250377655,0.2929016947746277,0.3065556046511149,True,151936,1024
Qwen3-1.7B,base_instruct,qwen3,base,E,1.539381742477417,0.34761661291122437,0.22581573063987664,True,151936,2048
Qwen3-1.7B-Base,base_instruct,qwen3,base,E,1.5786210298538208,0.34179455041885376,0.21651463141252064,True,151936,2048
Qwen3-14B,base_instruct,qwen3,base,E,1.3067491054534912,0.18805499374866486,0.14391055862510246,False,151936,5120
Qwen3-14B,base_instruct,qwen3,base,U,1.4556870460510254,0.20735888183116913,0.14244743222362968,False,151936,5120
Qwen3-14B-Base,base_instruct,qwen3,base,E,1.3222135305404663,0.19097068905830383,0.1444325630068563,False,151936,5120
Qwen3-14B-Base,base_instruct,qwen3,base,U,1.491495132446289,0.2043512463569641,0.13701100453596224,False,151936,5120
Qwen3-235B-A22B,other_models,qwen3,,E,0.9924856424331665,0.06119561195373535,0.06165893927060636,False,151936,4096
Qwen3-235B-A22B,other_models,qwen3,,U,1.3138353824615479,0.1559189260005951,0.1186746285584666,False,151936,4096
Qwen3-30B-A3B,base_instruct,qwen3,base,E,0.904628336429596,0.08544276654720306,0.09445068555383769,False,151936,2048
Qwen3-30B-A3B,base_instruct,qwen3,base,U,1.1776114702224731,0.3150279223918915,0.26751431211210663,False,151936,2048
Qwen3-30B-A3B-Base,base_instruct,qwen3,base,E,0.9155181646347046,0.08660032600164413,0.09459159779336329,False,151936,2048
Qwen3-30B-A3B-Base,base_instruct,qwen3,base,U,1.2101801633834839,0.3164864778518677,0.26152013347088626,False,151936,2048
Qwen3-32B,other_models,qwen3,,E,1.2745392322540283,0.19200824201107025,0.1506491421778385,False,151936,5120
Qwen3-32B,other_models,qwen3,,U,1.3555335998535156,0.22283034026622772,0.16438570042845685,False,151936,5120
Qwen3-4B,base_instruct,qwen3,base,E,1.097372055053711,0.3124662935733795,0.28474052363041613,True,151936,2560
Qwen3-4B-Base,base_instruct,qwen3,base,E,1.1305713653564453,0.31583401560783386,0.279357876279007,True,151936,2560
Qwen3-8B,base_instruct,qwen3,base,E,1.3758326768875122,0.17923790216445923,0.13027594501530632,False,151936,4096
Qwen3-8B,base_instruct,qwen3,base,U,1.6384880542755127,0.3764168918132782,0.2297342912150298,False,151936,4096
Qwen3-8B-Base,base_instruct,qwen3,base,E,1.3924400806427002,0.18219783902168274,0.1308478846268105,False,151936,4096
Qwen3-8B-Base,base_instruct,qwen3,base,U,1.678593635559082,0.3755282163619995,0.22371597771304783,False,151936,4096
Qwen3.5-0.8B-Base,base_instruct,qwen3.5_dense,base,E,0.6313166618347168,0.27787894010543823,0.4401577796123317,True,248320,1024
Qwen3.5-0.8B-Instruct,base_instruct,qwen3.5_dense,instruct,E,0.6272127628326416,0.2782164216041565,0.44357582959196357,True,248320,1024
Qwen3.5-122B-A10B-Instruct,other_models,qwen3.5_moe,,E,0.6591871976852417,0.07577325403690338,0.11494952314453882,False,248320,3072
Qwen3.5-122B-A10B-Instruct,other_models,qwen3.5_moe,,U,0.8457857966423035,0.2937204837799072,0.3472752615921811,False,248320,3072
Qwen3.5-27B-Instruct,other_models,qwen3.5_dense,,E,0.8780957460403442,0.08854589611291885,0.1008385435326441,False,248320,5120
Qwen3.5-27B-Instruct,other_models,qwen3.5_dense,,U,0.9822753667831421,0.25331953167915344,0.25789054703545167,False,248320,5120
Qwen3.5-2B-Base,base_instruct,qwen3.5_dense,base,E,0.6810688376426697,0.2951822578907013,0.4334103126967203,True,248320,2048
Qwen3.5-2B-Instruct,base_instruct,qwen3.5_dense,instruct,E,0.6756907105445862,0.2947581112384796,0.43623229776374095,True,248320,2048
Qwen3.5-35B-A3B-Base,base_instruct,qwen3.5_moe,base,E,0.5683920383453369,0.0872819796204567,0.1535594690498232,False,248320,2048
Qwen3.5-35B-A3B-Base,base_instruct,qwen3.5_moe,base,U,0.8536590337753296,0.27377334237098694,0.3207057285626289,False,248320,2048
Qwen3.5-35B-A3B-Instruct,base_instruct,qwen3.5_moe,instruct,E,0.5666109323501587,0.08709030598402023,0.15370389276251994,False,248320,2048
Qwen3.5-35B-A3B-Instruct,base_instruct,qwen3.5_moe,instruct,U,0.8458542823791504,0.27366405725479126,0.32353569989035363,False,248320,2048
Qwen3.5-397B-A17B-Instruct,other_models,qwen3.5_moe,,E,0.7368923425674438,0.07511386275291443,0.10193329257732062,False,248320,4096
Qwen3.5-397B-A17B-Instruct,other_models,qwen3.5_moe,,U,1.184456467628479,0.21151047945022583,0.1785717628556772,False,248320,4096
Qwen3.5-4B-Base,base_instruct,qwen3.5_dense,base,E,0.6610638499259949,0.24919405579566956,0.37695913310577556,True,248320,2560
Qwen3.5-4B-Instruct,base_instruct,qwen3.5_dense,instruct,E,0.6557746529579163,0.24869753420352936,0.37924237096045443,True,248320,2560
Qwen3.5-9B-Base,base_instruct,qwen3.5_dense,base,E,0.8553495407104492,0.09163566678762436,0.10713242063766377,False,248320,4096
Qwen3.5-9B-Base,base_instruct,qwen3.5_dense,base,U,0.99200040102005,0.2818058133125305,0.2840783259994214,False,248320,4096
Qwen3.5-9B-Instruct,base_instruct,qwen3.5_dense,instruct,E,0.8524353504180908,0.0913858562707901,0.10720561533020471,False,248320,4096
Qwen3.5-9B-Instruct,base_instruct,qwen3.5_dense,instruct,U,0.983329713344574,0.2818473279476166,0.28662545646970894,False,248320,4096
Qwen3.6-35B-A3B,other_models,qwen3.6,,E,0.5547002553939819,0.08590641617774963,0.1548699776904441,False,248320,2048
Qwen3.6-35B-A3B,other_models,qwen3.6,,U,0.826122522354126,0.27211102843284607,0.3293833796679893,False,248320,2048
